threadpool_size,block_size,batch_completion_time
1,1,1.0807218226806197
2,160,1.1835492221005444
4,240,1.1815725445116638
4,100,1.2249114838226762
