threadpool_size,block_size,batch_completion_time
2,160,2.265919817630122
2,140,2.2236709713427136
2,60,2.262573070071669
8,240,2.2748341894421094
4,260,2.3096693135257467
1,220,2.3017824011540853
8,120,2.3344837869722848
2,100,2.3524415175911373
4,80,2.331980409527232
8,200,2.712396938465059
