threadpool_size,block_size,batch_completion_time
1,1,1.2782782071839467
8,200,0.9186061326195212
1,80,0.881233286056198
2,220,0.8904154320724873
