threadpool_size,block_size,batch_completion_time
8,80,2.9860368780526807
8,180,2.9919987574410474
2,220,2.8102253867077454
4,20,2.7814119097857524
1,80,2.7630176737501815
2,80,2.817428319416887
8,20,2.8883265533284477
4,240,2.873598042456897
1,300,2.713692419442088
2,280,2.8037460107713255
