threadpool_size,block_size,batch_completion_time
1,1,1.399045691603706
8,220,1.5029597162025903
8,240,1.4764478600845135
8,120,1.4685636203755776
