threadpool_size,block_size,batch_completion_time
1,1,0.9636603363607295
1,20,0.9405764202592234
1,280,1.1382832362734039
8,240,1.125278559224359
1,300,1.1664823141004064
1,60,0.9679179503804161
4,260,1.0504941896264777
4,80,1.0252225553547896
4,40,0.9991639738991147
1,140,0.9845273336166231
1,80,1.0284530498363353
