threadpool_size,block_size,batch_completion_time
1,1,1.0747367657681621
2,120,1.1603553110155567
1,260,1.1714623244525177
4,160,1.2008294182479697
8,180,1.1832268396621854
1,260,1.1565281966049683
4,180,1.1728604394814064
1,220,1.190807395087087
8,220,1.2410846541798304
4,280,1.1900750842000463
1,200,1.2147725965610887
