threadpool_size,block_size,batch_completion_time
1,1,1.240051529079518
8,300,1.2762497402177069
8,300,1.3088410853078125
8,240,1.319203808389861
8,80,1.2412787603322792
