threadpool_size,block_size,batch_completion_time
1,1,0.9672684931250477
1,60,1.0035404055206865
4,120,1.0173773330355447
8,240,1.1373860627559607
2,20,0.9292386114281952
2,120,1.0364968152273268
1,220,1.0954112789313781
1,260,1.0997707415096865
1,60,0.990303084333107
2,160,1.0647168846988173
8,220,1.0919309542292641
