threadpool_size,block_size,batch_completion_time
1,1,0.8258629047050677
8,180,0.9246978897766527
8,80,0.9012183430333617
1,220,0.9601672187684074
1,80,0.8630737100959456
8,140,0.8931293963211511
4,260,0.9092945617995238
4,260,0.9090711198416837
4,160,0.9126680379822141
1,240,0.958553520916718
2,40,0.8391089278554159
