threadpool_size,block_size,batch_completion_time
1,1,1.4427867749583063
8,220,1.30789538267037
1,260,1.2776233300441453
