threadpool_size,block_size,batch_completion_time
1,1,0.9974660914410991
2,160,0.8678178305696385
8,40,0.9241130503397139
2,160,0.8893601951144992
8,140,0.8871815295642231
1,20,0.8325713841372697
2,20,0.8729573504003898
8,80,0.942515162879197
4,160,0.9089904742896873
1,120,0.8271034591890908
1,180,0.8597161375656329
