threadpool_size,block_size,batch_completion_time
1,1,0.8541635684866123
8,20,0.8826375729823239
2,180,0.9767952731677464
2,60,0.8947720401501529
2,240,0.9751845190090498
8,180,1.0330686610211772
2,240,1.00289331398574
1,40,0.8429958968566208
4,160,0.9679794721502476
1,180,0.9168289430035745
8,100,0.9580753877680138
