threadpool_size,block_size,batch_completion_time
1,1,0.9863453680876071
8,40,0.8655538959477944
4,260,0.8148845175804176
8,220,0.9122225367833698
4,260,0.8597700302236774
2,100,0.8623115133356165
8,280,0.8786251489164794
2,140,0.8155821400322938
4,40,0.8613677176218184
4,160,0.8410515208092948
8,100,0.8923932061624276
