threadpool_size,block_size,batch_completion_time
1,1,1.0096602616486727
1,140,0.8488744171382172
4,80,0.9574632682497539
8,160,0.9938564142852864
4,40,0.9592869537217277
8,240,1.0670101017200302
4,260,1.0188758335090036
1,240,0.9933538799563413
4,200,1.0942853080532537
4,180,1.0665531114404425
4,140,1.0140381957509834
