threadpool_size,block_size,batch_completion_time
1,1,0.9697881561738473
8,260,0.9005019970128101
4,100,0.8019994923046657
1,240,0.8361838577416143
8,220,0.9089806704294114
1,120,0.8189360899900002
1,240,0.8416346505357715
2,80,0.8388210099840921
1,260,0.8715659695327598
1,100,0.7962238445070576
4,280,0.852340539981579
