threadpool_size,block_size,batch_completion_time
1,1,0.8323866646125834
8,80,0.8825879464008539
4,260,0.9392925577210676
4,140,0.9356808791715633
2,300,0.9457092434901909
4,280,0.9266163413160541
4,120,0.8913330215538664
2,180,0.9249131900292855
2,20,0.8194704919895798
1,120,0.8625788935299578
8,240,0.9709502775680843
