threadpool_size,block_size,batch_completion_time
1,1,0.8507086754475952
1,180,0.9301544237019393
4,80,0.9458487573124112
4,120,0.928599996541543
8,140,0.9308878010129693
1,260,0.9838867983207327
1,80,0.88002551218559
4,300,1.0951412922490842
2,180,0.930386190061216
8,300,1.0289110711642673
1,120,0.9174144807316007
