threadpool_size,block_size,batch_completion_time
1,1,1.3072297171475418
2,200,1.070537532077116
2,200,1.1259332228107612
