threadpool_size,block_size,batch_completion_time
1,1,1.4645685845730352
1,180,1.2778395668799136
