threadpool_size,block_size,batch_completion_time
1,1,1.1379914655887262
1,300,1.0451396803550532
1,160,1.0296614783738047
8,240,1.1285084767881872
1,180,0.9993119897513554
2,80,1.0366347551976562
2,200,1.0510835180728892
1,120,0.9801727044519293
8,40,1.0668458985903906
1,240,1.023309280719663
8,180,1.0869242630938374
