threadpool_size,block_size,batch_completion_time
1,1,1.3077870437077113
4,240,1.4285285132271903
2,300,1.4738777238855918
