threadpool_size,block_size,batch_completion_time
2,260,0.8658842802634967
8,160,0.9860388014116898
8,260,0.9720567864150249
4,280,1.009599716205315
2,180,0.9795351524658391
2,100,1.0373525944336381
2,100,1.0403173083350772
8,280,1.0872631660235927
2,200,1.0677455591146277
8,200,0.9798228984395858
