threadpool_size,block_size,batch_completion_time
1,1,0.8263075361176142
4,100,0.8934272313244128
4,220,0.9573588286127364
2,140,0.9077492372068778
8,120,0.8963452316270086
8,180,0.9744100674750313
8,240,1.0037417097631933
2,260,0.8640809405613414
8,300,1.099477297099179
4,20,0.811927404668596
8,180,0.9768552177797549
