threadpool_size,block_size,batch_completion_time
1,1,1.2813601787128146
1,140,1.142746730097409
