threadpool_size,block_size,batch_completion_time
1,1,1.1691054805876715
4,40,1.0862203095325087
2,20,1.014898805391221
4,80,1.1197084002393893
1,200,1.0549691856788297
4,180,1.0739782635497037
2,40,1.0656814603578477
1,200,1.0596201769889346
1,260,1.0403770776022048
8,260,1.068987772382539
4,300,1.0909539584129575
