threadpool_size,block_size,batch_completion_time
8,40,1.0643155644179652
8,200,1.124936010156359
2,120,1.0116719348090035
8,300,1.1398327407382782
1,120,0.9688038790754496
8,140,1.04374717462239
2,300,1.047039660326953
2,220,0.9820935091948861
8,160,1.0548351817030124
1,40,0.9542144745115251
