threadpool_size,block_size,batch_completion_time
8,140,2.8710758267222225
1,280,2.836734164999016
8,280,3.0610488488697905
1,60,2.8070112907699976
4,80,2.878604806843048
2,60,2.8871706047573604
2,120,2.8546988423145345
2,60,2.888150489686393
4,300,2.9170888784604196
8,200,3.1048719633693884
