threadpool_size,block_size,batch_completion_time
1,1,0.8702952760867971
2,220,0.944006402797887
4,20,0.8640783643596386
4,160,0.9408259867991089
2,280,0.9994756177141162
8,60,0.9313799947027176
2,20,0.8466594074138258
1,280,1.0685287831452093
1,40,0.8744678632922904
2,280,0.9860710578011762
8,120,0.9404522070178278
