threadpool_size,block_size,batch_completion_time
1,1,1.334014971413502
2,140,1.0555671299205107
