threadpool_size,block_size,batch_completion_time
4,80,1.8119125044535076
1,160,1.8138079276225838
8,100,1.8489612006636524
2,240,1.8194385555577397
8,180,1.9177698381428647
4,140,1.7742450701192094
1,260,1.7678880861827304
4,160,1.823060813795757
4,120,1.870713329189038
4,160,1.8574718145466353
