threadpool_size,block_size,batch_completion_time
4,140,1.636956155615509
4,120,1.5607466304243491
2,240,1.617644087978141
2,220,1.6739747350808805
2,240,1.6403411864647137
8,20,1.619408500572992
1,100,1.6623596921168937
2,300,1.605258560369885
2,80,1.6031630231589868
4,280,1.7251238831745581
