threadpool_size,block_size,batch_completion_time
1,1,1.3799731212928759
4,60,1.0498232783389692
