threadpool_size,block_size,batch_completion_time
2,120,0.8201403356538031
4,60,0.8641700202195102
4,140,0.8407182711098582
8,120,0.9147539760069872
4,200,0.843774954380073
2,80,0.8384115560344918
8,240,0.8795548979871967
1,180,0.8539792444340136
8,60,0.8904577796421353
4,160,0.8334999623752776
