threadpool_size,block_size,batch_completion_time
1,1,1.3936912671342465
8,80,1.2678546427405455
8,200,1.2899298285235876
2,260,1.2738768860071645
