threadpool_size,block_size,batch_completion_time
1,1,1.1916192259107317
1,160,1.1570812419717535
