threadpool_size,block_size,batch_completion_time
4,20,2.0825678785011252
4,100,2.186395190695606
1,120,2.1396169019123863
4,80,2.146537165477793
2,200,2.1670315318506925
8,120,2.2081831936483027
4,40,2.0830519486356662
2,200,2.1313078829220364
4,200,2.199671154299741
4,80,2.089624931887975
