threadpool_size,block_size,batch_completion_time
4,80,1.7181511527646784
2,200,1.6977458925082767
1,40,1.5994374433522502
8,20,1.7415849377238561
1,20,1.5461466974682279
4,300,1.882316564441358
8,280,1.870739996726877
8,200,1.784244243430082
1,160,1.7022722253093012
8,280,1.818964577073534
