threadpool_size,block_size,batch_completion_time
3,20,2.725039672364994
1,100,2.665009117126465
3,40,2.7954742471539245
