threadpool_size,block_size,batch_completion_time
2,260,2.2375563098221045
8,140,2.2689019755313273
4,160,2.263767182911782
2,300,2.167236656956023
8,220,2.3200113834391956
4,180,2.2805291560092997
2,300,2.1984986431398568
4,80,2.2417754942119377
8,80,2.229482484576034
2,300,2.210109471309523
