threadpool_size,block_size,batch_completion_time
1,300,1.359949309837642
8,20,1.383422847147341
2,240,1.4044604118538913
4,260,1.3574667027387668
1,60,1.3530839123423135
1,60,1.3381529778399794
2,20,1.37446367141431
8,280,1.4563974559013482
8,200,1.4971031228070537
2,260,1.3615938207786071
