threadpool_size,block_size,batch_completion_time
2,260,1.894705359571673
1,100,1.9268400943468487
4,140,1.8999508495988517
4,200,2.0570127560348106
2,140,1.8284686386878852
2,20,1.8172952955362027
2,280,2.0157664585583315
2,20,1.817148276737758
1,160,1.9418010519295144
8,80,1.9600649933335643
