threadpool_size,block_size,batch_completion_time
8,80,2.6455613746073303
2,200,2.506184946252815
2,260,2.5153782345661906
1,80,2.465567615428995
1,40,2.5164968445155225
1,260,2.5185116307325077
8,240,2.739062267041647
2,100,2.5729225712853507
4,220,2.562798091900637
8,280,2.7455613627607525
