sim_compute_time,threadpool_size,block_size,io_time,processing_time,load_time,compute_time,completion_time,memory,throughput,num_batches,throughput_std
0.1,1.0,1.0,0.0031980687145016303,0.004466501645069337,0.7076978371256873,0.17573707609465627,0.8834349132203436,13035.052083333334,579.5564182452521,56.0,0.6065734109090168
0.25,1.0,1.0,0.003195404537184932,0.004481520021699849,0.5828597971371242,0.3243274168534713,0.9071872139905954,14110.608072916666,564.383936892274,56.0,1.3290418284513366
0.5,1.0,1.0,0.0031871948089362574,0.004476164513352064,0.36462664036523734,0.573956080639001,0.9385827210042385,12492.805989583334,545.5196991430739,56.0,3.6583799003520334
0.75,1.0,1.0,0.003140700721542451,0.0045417911145874705,0.1537518004576365,0.8378648815733013,0.9916166820309379,15706.785286458333,516.3403594739951,56.0,3.02847288554987
1.0,1.0,1.0,0.0024510425994823857,0.004538920623621749,0.14048219720522562,1.0729669108535305,1.2134491080587562,17696.00143229167,421.9424926638266,56.0,1.7323315870797855
