sim_compute_time,threadpool_size,block_size,io_time,processing_time,load_time,compute_time,completion_time,memory,throughput,num_batches,throughput_std
0.1,2.3333333333333335,13.666666666666666,0.001955726441167624,0.004495810374095228,0.6251829252356574,0.17929292447639233,0.8044758497120498,12262.923177083334,636.4422805028372,56.0,1.7034637404872361
0.25,1.3333333333333333,20.333333333333332,0.0022475581677848643,0.004724405169660117,0.4998576868148077,0.3254604267351555,0.8253181135499633,15630.37890625,620.514040530776,56.0,11.71568281992082
0.5,1.6666666666666667,20.0,0.0019116735597312588,0.004937115355253925,0.27041771440278917,0.5837743036674731,0.8541920180702623,14306.77734375,599.5686986086566,56.0,12.382900751571023
0.75,1.0,1.0,0.0023626797011309137,0.004681063585016156,0.13117956121762595,0.827820400758223,0.958999961975849,13507.458333333334,533.8916236191848,56.0,1.3064366897787631
1.0,1.0,1.0,0.002001443326334697,0.004046244999830432,0.13092977376211257,1.0665566429947362,1.1974864167568489,17812.31171875,427.56387438355097,56.0,1.0177454137606476
