sim_compute_time,threadpool_size,block_size,io_time,processing_time,load_time,compute_time,completion_time,memory,throughput,num_batches,throughput_std
0.1,2.3333333333333335,160.0,0.0013556276508862833,0.005844866044661206,0.6002112683795747,0.21109735026504053,0.8113086186446153,15287.46875,631.1971558190194,56.0,10.603526104866225
0.25,1.3333333333333333,173.33333333333334,0.0013663842960042504,0.006275610341225834,0.49514188652946833,0.3641625967892734,0.8593044833187417,17154.53125,596.1519697502509,56.0,17.0854829954757
0.5,1.3333333333333333,60.0,0.0011652208249263685,0.006790474812820539,0.2798951254004524,0.6193173235112971,0.8992124489117495,16746.341145833332,569.4664359435873,56.0,8.196138096981498
0.75,1.0,100.33333333333333,0.0014884298112854066,0.005861542870911681,0.1549413317725772,0.8523501309481535,1.0072914627207306,16309.809895833334,508.32017759740876,56.0,4.484126187745923
1.0,1.0,20.666666666666668,0.0019557756545108555,0.004759626362512643,0.14328266183535257,1.0798078247995087,1.2230904866348613,18447.119531250002,418.6278183902885,56.0,3.1737791810698037
