threadpool_size,block_size,batch_completion_time
1,1,1.363389428286629
2,260,1.26157194566326
