threadpool_size,block_size,batch_completion_time
3,40,2.7434168096464506
1,20,2.5962954033637535
1,20,2.6479270671338453
