threadpool_size,block_size,batch_completion_time
1,1,0.9559808304070165
4,80,1.0221868530282834
8,280,1.1756440671206696
2,300,1.1930177205454104
8,260,1.0378656208221548
1,220,1.0307040965115584
2,100,1.0164946415436962
2,20,0.9327376607864621
8,240,1.1442001124320946
1,240,1.0694942289385303
1,300,1.1742966162464605
